painting_name,author_name,Genre,Style,Theme,Period,Path,Field,Date
The Vision Of Joan Of Arc 1847,Gustaf Wappers,"portrait,history painting",Romanticism,History,Antwerp (1822–1853),Artists2/Gustaf Wappers/The Vision Of Joan Of Arc 1847.jpg,painting, c.;  Belgium 
The Defence Of Rhodes By The Knights Of St John Of Jerusalem 1844,Gustaf Wappers,"portrait,history painting",Romanticism,History,Antwerp (1822–1853),Artists2/Gustaf Wappers/The Defence Of Rhodes By The Knights Of St John Of Jerusalem 1844.jpg,painting,1844
Episode Of The September Days 1830 On The Grand Place Of Brussels 1835,Gustaf Wappers,"portrait,history painting",Romanticism,History,Antwerp (1822–1853),Artists2/Gustaf Wappers/Episode Of The September Days 1830 On The Grand Place Of Brussels 1835.jpg,painting, ;  Belgium 
Self Sacrifice Of Mayor Van Der Werff 1829,Gustaf Wappers,"portrait,history painting",Romanticism,History,Antwerp (1822–1853),Artists2/Gustaf Wappers/Self Sacrifice Of Mayor Van Der Werff 1829.jpg,painting,1829
No Title Nr 5 028 1993,Fons Heijnsbroek,abstract,"Abstract Expressionism,Abstract Art",Abstract Expressionism,1989 - 1992: abstract landscape painting,Artists2/Fons Heijnsbroek/No Title Nr 5 028 1993.jpg,painting, ;  Netherlands 
No Title Nr 5 038 1993,Fons Heijnsbroek,abstract,"Abstract Art,Abstract Expressionism",Abstract Expressionism,1989 - 1992: abstract landscape painting,Artists2/Fons Heijnsbroek/No Title Nr 5 038 1993.jpg,painting,c.1993
Blue Valley Nr 5 024 1992,Fons Heijnsbroek,abstract,"Abstract Art,Abstract Expressionism",Abstract Expressionism,"1987 - 1989: figurative, symbolic painting",Artists2/Fons Heijnsbroek/Blue Valley Nr 5 024 1992.jpg,painting,1992
No Title Nr 5 014 1993,Fons Heijnsbroek,abstract,"Abstract Art,Abstract Expressionism",Abstract Expressionism,"1987 - 1989: figurative, symbolic painting",Artists2/Fons Heijnsbroek/No Title Nr 5 014 1993.jpg,painting, ;  Netherlands 
Eye Of The Storm Seachange Xv 1977,Norman Lewis,abstract,Abstract Expressionism,Abstraction,Abstraction Expressionism,Artists2/Norman Lewis/Eye Of The Storm Seachange Xv 1977.jpg,painting,1977
Ebb Tide 1975,Norman Lewis,abstract,Abstract Expressionism,Abstraction,Abstraction Expressionism,Artists2/Norman Lewis/Ebb Tide 1975.jpg,painting,1975
Untitled 1966,Norman Lewis,abstract,Abstract Expressionism,Abstraction,Abstraction Expressionism,Artists2/Norman Lewis/Untitled 1966.jpg,painting,1966
Evening Rendezvous 1962,Norman Lewis,abstract,Abstract Expressionism,Abstraction,Abstraction Expressionism,Artists2/Norman Lewis/Evening Rendezvous 1962.jpg,painting,1962
The Gremlins 1961,Norman Lewis,abstract,Abstract Expressionism,Abstraction,Abstraction Expressionism,Artists2/Norman Lewis/The Gremlins 1961.jpg,painting,1961
The Gremlins 1961 0,Norman Lewis,abstract,Abstract Expressionism,Abstraction,Abstraction Expressionism,Artists2/Norman Lewis/The Gremlins 1961 0.jpg,painting,1961
Night Walk 2 1956,Norman Lewis,abstract,Abstract Expressionism,Abstraction,Abstraction Expressionism,Artists2/Norman Lewis/Night Walk 2 1956.jpg,painting,1956
Harlem Courtyard 1954,Norman Lewis,abstract,Abstract Expressionism,Abstraction,Abstraction Expressionism,Artists2/Norman Lewis/Harlem Courtyard 1954.jpg,painting,1954
Miagrating Birds 1953,Norman Lewis,abstract,Abstract Expressionism,Abstraction,Abstraction Expressionism,Artists2/Norman Lewis/Miagrating Birds 1953.jpg,painting,1953
Industrial Night 1952,Norman Lewis,abstract,Abstract Expressionism,Abstraction,Abstraction Expressionism,Artists2/Norman Lewis/Industrial Night 1952.jpg,painting,1952
Green Mist 1948,Norman Lewis,abstract,Abstract Expressionism,Abstraction,Abstraction Expressionism,Artists2/Norman Lewis/Green Mist 1948.jpg,painting,1948
The Tenement 1948,Norman Lewis,abstract,Abstract Expressionism,Abstraction,Abstraction Expressionism,Artists2/Norman Lewis/The Tenement 1948.jpg,painting,1948
Untitled Police Beating 1943,Norman Lewis,abstract,Figurative Expressionism,The Negro Experience,Harlem Renaissance,Artists2/Norman Lewis/Untitled Police Beating 1943.jpg,painting, ;  United States 
Meeting Place 1941,Norman Lewis,abstract,Figurative Expressionism,The Negro Experience,Harlem Renaissance,Artists2/Norman Lewis/Meeting Place 1941.jpg,painting, ;  United States 
Umbrella 1938,Norman Lewis,abstract,Figurative Expressionism,The Negro Experience,Harlem Renaissance,Artists2/Norman Lewis/Umbrella 1938.jpg,painting, ;  United States 
Girl With Yellow Hat 1936,Norman Lewis,abstract,Figurative Expressionism,The Negro Experience,Harlem Renaissance,Artists2/Norman Lewis/Girl With Yellow Hat 1936.jpg,painting,1936
Dan Mask 1935,Norman Lewis,abstract,Figurative Expressionism,African Art,Harlem Renaissance,Artists2/Norman Lewis/Dan Mask 1935.jpg,painting, ;  United States 
Carved Bobbin Guru 1935,Norman Lewis,abstract,Figurative Expressionism,African Art,Harlem Renaissance,Artists2/Norman Lewis/Carved Bobbin Guru 1935.jpg,painting, ;  United States 
Baule Mask 1935,Norman Lewis,abstract,Figurative Expressionism,African Art,Harlem Renaissance,Artists2/Norman Lewis/Baule Mask 1935.jpg,painting, ;  United States 
The Wanderer Johnny 1933,Norman Lewis,abstract,Figurative Expressionism,The Negro Experience,Harlem Renaissance,Artists2/Norman Lewis/The Wanderer Johnny 1933.jpg,painting,1933
Cow 1926,Alexander Calder,sculpture,Expressionism,Wire Sculpture,WIRE SCULPTURE AND THE CIRCUS: 1926–1930,Artists2/Alexander Calder/Cow 1926.jpg,painting,1926
Red Horse And Green Sulky 1926,Alexander Calder,sculpture,Expressionism,Toys,WIRE SCULPTURE AND THE CIRCUS: 1926–1930,Artists2/Alexander Calder/Red Horse And Green Sulky 1926.jpg,painting,1926
Josephine Baker I 1926,Alexander Calder,sculpture,Expressionism,Wire Sculpture,WIRE SCULPTURE AND THE CIRCUS: 1926–1930,Artists2/Alexander Calder/Josephine Baker I 1926.jpg,painting,1926
Duck And Snake 1926,Alexander Calder,sculpture,Expressionism,Toys,WIRE SCULPTURE AND THE CIRCUS: 1926–1930,Artists2/Alexander Calder/Duck And Snake 1926.jpg,painting,1926
Singe 1926,Alexander Calder,sculpture,Expressionism,Wire Sculpture,WIRE SCULPTURE AND THE CIRCUS: 1926–1930,Artists2/Alexander Calder/Singe 1926.jpg,painting,1926
Todd Shipyard 1925,Alexander Calder,sculpture,American Realism,Oil Painting,EARLY DEVELOPMENT: 1898–1925,Artists2/Alexander Calder/Todd Shipyard 1925.jpg,painting,1925
The Flying Trapeze 1925,Alexander Calder,sculpture,American Realism,Oil Painting,EARLY DEVELOPMENT: 1898–1925,Artists2/Alexander Calder/The Flying Trapeze 1925.jpg,painting,1925
Red Panel 1936,Alexander Calder,sculpture,Kinetic Art,Wall Sculpture,SHIFT TO ABSTRACTION: 1930–1936,Artists2/Alexander Calder/Red Panel 1936.jpg,painting,1936
Untitled 1935,Alexander Calder,sculpture,Kinetic Art,Standing Mobile,SHIFT TO ABSTRACTION: 1930–1936,Artists2/Alexander Calder/Untitled 1935.jpg,painting,1935
Belt 1935,Alexander Calder,sculpture,Expressionism,Jewelry,SHIFT TO ABSTRACTION: 1930–1936,Artists2/Alexander Calder/Belt 1935.jpg,painting,c.1935
Diana 1934,Alexander Calder,sculpture,"Abstract Art,Surrealism",Carved Figures,SHIFT TO ABSTRACTION: 1930–1936,Artists2/Alexander Calder/Diana 1934.jpg,painting,1934
A Universe 1934,Alexander Calder,sculpture,Kinetic Art,Standing Mobile,SHIFT TO ABSTRACTION: 1930–1936,Artists2/Alexander Calder/A Universe 1934.jpg,painting,1934
Steel Fish 1934,Alexander Calder,sculpture,Kinetic Art,Standing Mobile,SHIFT TO ABSTRACTION: 1930–1936,Artists2/Alexander Calder/Steel Fish 1934.jpg,painting,1934
Mobile 1934,Alexander Calder,sculpture,Kinetic Art,Standing Mobile,SHIFT TO ABSTRACTION: 1930–1936,Artists2/Alexander Calder/Mobile 1934.jpg,painting,1934
Untitled 1934,Alexander Calder,sculpture,Kinetic Art,Standing Mobile,SHIFT TO ABSTRACTION: 1930–1936,Artists2/Alexander Calder/Untitled 1934.jpg,painting,1934
Red And Yellow Vane 1934,Alexander Calder,sculpture,Kinetic Art,Standing Mobile,SHIFT TO ABSTRACTION: 1930–1936,Artists2/Alexander Calder/Red And Yellow Vane 1934.jpg,painting,1934
Caged Crockery 1945,Alexander Calder,sculpture,Expressionism,Jewelry,PUBLIC COMMISSIONS AND THE WAR: 1937–1945,Artists2/Alexander Calder/Caged Crockery 1945.jpg,painting,1945
Fish 1945,Alexander Calder,sculpture,Expressionism,Wire Sculpture,PUBLIC COMMISSIONS AND THE WAR: 1937–1945,Artists2/Alexander Calder/Fish 1945.jpg,painting,c.1945
Serving Spoon 1945,Alexander Calder,sculpture,Expressionism,Household Objects,PUBLIC COMMISSIONS AND THE WAR: 1937–1945,Artists2/Alexander Calder/Serving Spoon 1945.jpg,painting,1945
Odalisque 1945,Alexander Calder,sculpture,Expressionism,Oil Painting,PUBLIC COMMISSIONS AND THE WAR: 1937–1945,Artists2/Alexander Calder/Odalisque 1945.jpg,painting,1945
Fish 1944,Alexander Calder,sculpture,Kinetic Art,Standing Mobile,PUBLIC COMMISSIONS AND THE WAR: 1937–1945,Artists2/Alexander Calder/Fish 1944.jpg,painting,1944
Chess Set 1944,Alexander Calder,sculpture,Expressionism,Household Objects,PUBLIC COMMISSIONS AND THE WAR: 1937–1945,Artists2/Alexander Calder/Chess Set 1944.jpg,painting,c.1944
Constellation 1944,Alexander Calder,sculpture,Kinetic Art,Wall Sculpture,PUBLIC COMMISSIONS AND THE WAR: 1937–1945,Artists2/Alexander Calder/Constellation 1944.jpg,painting,1944
Man 1967,Alexander Calder,sculpture,Abstract Expressionism,Monumental Sculpture,MONUMENTAL WORKS: 1963–1976,Artists2/Alexander Calder/Man 1967.jpg,painting,1967
Trois Pics 1967,Alexander Calder,sculpture,Abstract Expressionism,Monumental Sculpture,MONUMENTAL WORKS: 1963–1976,Artists2/Alexander Calder/Trois Pics 1967.jpg,painting,1967
Four Planes Escarpe 1967,Alexander Calder,sculpture,Abstract Expressionism,Monumental Sculpture,MONUMENTAL WORKS: 1963–1976,Artists2/Alexander Calder/Four Planes Escarpe 1967.jpg,painting,1967
Stainless Stealer 1966,Alexander Calder,sculpture,Kinetic Art,Standing Mobile,MONUMENTAL WORKS: 1963–1976,Artists2/Alexander Calder/Stainless Stealer 1966.jpg,painting,1966
Two Discs 1965,Alexander Calder,sculpture,Abstract Expressionism,Monumental Sculpture,MONUMENTAL WORKS: 1963–1976,Artists2/Alexander Calder/Two Discs 1965.jpg,painting,1965
Pyramids 1975,Alexander Calder,sculpture,Abstract Art,Graphic Works,MONUMENTAL WORKS: 1963–1976,Artists2/Alexander Calder/Pyramids 1975.jpg,painting,1975
125 1975,Alexander Calder,sculpture,"Kinetic Art,Expressionism",Monumental Sculpture,MONUMENTAL WORKS: 1963–1976,Artists2/Alexander Calder/125 1975.jpg,painting,1975
The Arch 1975,Alexander Calder,sculpture,Abstract Expressionism,Monumental Sculpture,MONUMENTAL WORKS: 1963–1976,Artists2/Alexander Calder/The Arch 1975.jpg,painting,1975
Art Car 1975,Alexander Calder,sculpture,Abstract Expressionism,Unusual Projects,MONUMENTAL WORKS: 1963–1976,Artists2/Alexander Calder/Art Car 1975.jpg,painting,1975
Critter With Mobile Top 1974,Alexander Calder,sculpture,Kinetic Art,Stabile,MONUMENTAL WORKS: 1963–1976,Artists2/Alexander Calder/Critter With Mobile Top 1974.jpg,painting,1974
Black Flag 1974,Alexander Calder,sculpture,Abstract Expressionism,Monumental Sculpture,MONUMENTAL WORKS: 1963–1976,Artists2/Alexander Calder/Black Flag 1974.jpg,painting,1974
Cheval Rouge 1974,Alexander Calder,sculpture,Abstract Expressionism,Monumental Sculpture,MONUMENTAL WORKS: 1963–1976,Artists2/Alexander Calder/Cheval Rouge 1974.jpg,painting,1974
Tripes 1974,Alexander Calder,sculpture,Abstract Expressionism,Monumental Sculpture,MONUMENTAL WORKS: 1963–1976,Artists2/Alexander Calder/Tripes 1974.jpg,painting,1974
Horizontal 1974,Alexander Calder,sculpture,Kinetic Art,Monumental Sculpture,MONUMENTAL WORKS: 1963–1976,Artists2/Alexander Calder/Horizontal 1974.jpg,painting,1974
Toms 1974,Alexander Calder,sculpture,Abstract Expressionism,Monumental Sculpture,MONUMENTAL WORKS: 1963–1976,Artists2/Alexander Calder/Toms 1974.jpg,painting,1974
Flamingo 1973,Alexander Calder,sculpture,"Abstract Art,Surrealism",Monumental Sculpture,MONUMENTAL WORKS: 1963–1976,Artists2/Alexander Calder/Flamingo 1973.jpg,painting,1973
Flying Colors 1973,Alexander Calder,sculpture,Abstract Expressionism,Unusual Projects,MONUMENTAL WORKS: 1963–1976,Artists2/Alexander Calder/Flying Colors 1973.jpg,painting,1973
Maquette For Flamingo 1972,Alexander Calder,sculpture,Abstract Expressionism,Stabile,MONUMENTAL WORKS: 1963–1976,Artists2/Alexander Calder/Maquette For Flamingo 1972.jpg,painting,1972
Three Bollards 1970,Alexander Calder,sculpture,Abstract Expressionism,Monumental Sculpture,MONUMENTAL WORKS: 1963–1976,Artists2/Alexander Calder/Three Bollards 1970.jpg,painting,1970
Pryamids And Clouds 1970,Alexander Calder,sculpture,Abstract Art,Graphic Works,MONUMENTAL WORKS: 1963–1976,Artists2/Alexander Calder/Pryamids And Clouds 1970.jpg,painting,1970
Sidewalk 1970,Alexander Calder,sculpture,Environmental (Land) Art,Unusual Projects,MONUMENTAL WORKS: 1963–1976,Artists2/Alexander Calder/Sidewalk 1970.jpg,painting,1970
La Grande Vitesse 1969,Alexander Calder,sculpture,Abstract Expressionism,Monumental Sculpture,MONUMENTAL WORKS: 1963–1976,Artists2/Alexander Calder/La Grande Vitesse 1969.jpg,painting,1969
El Sol Rojo 1968,Alexander Calder,sculpture,Abstract Expressionism,Monumental Sculpture,MONUMENTAL WORKS: 1963–1976,Artists2/Alexander Calder/El Sol Rojo 1968.jpg,painting,1968
Self Portrait 1968,Alexander Calder,sculpture,Expressionism,Wire Sculpture,MONUMENTAL WORKS: 1963–1976,Artists2/Alexander Calder/Self Portrait 1968.jpg,painting,1968
The X And Its Tails 1967,Alexander Calder,sculpture,Abstract Expressionism,Monumental Sculpture,MONUMENTAL WORKS: 1963–1976,Artists2/Alexander Calder/The X And Its Tails 1967.jpg,painting,1967
La Grande Voile The Big Sail 1965,Alexander Calder,sculpture,Abstract Expressionism,Monumental Sculpture,MONUMENTAL WORKS: 1963–1976,Artists2/Alexander Calder/La Grande Voile The Big Sail 1965.jpg,painting,1965
Polygons On Triangles 1963,Alexander Calder,sculpture,Abstract Expressionism,Monumental Sculpture,MONUMENTAL WORKS: 1963–1976,Artists2/Alexander Calder/Polygons On Triangles 1963.jpg,painting,1963
Le Guichet 1963,Alexander Calder,sculpture,Abstract Expressionism,Monumental Sculpture,MONUMENTAL WORKS: 1963–1976,Artists2/Alexander Calder/Le Guichet 1963.jpg,painting,1963
Southern Cross 1963,Alexander Calder,sculpture,Kinetic Art,Monumental Sculpture,MONUMENTAL WORKS: 1963–1976,Artists2/Alexander Calder/Southern Cross 1963.jpg,painting,1963
Southern Cross Maquette 1963,Alexander Calder,sculpture,Kinetic Art,Standing Mobile,MONUMENTAL WORKS: 1963–1976,Artists2/Alexander Calder/Southern Cross Maquette 1963.jpg,painting,1963
Sabot 1963,Alexander Calder,sculpture,Abstract Expressionism,Monumental Sculpture,MONUMENTAL WORKS: 1963–1976,Artists2/Alexander Calder/Sabot 1963.jpg,painting,1963
Teodelapio 1962,Alexander Calder,sculpture,"Surrealism,Abstract Art",Monumental Sculpture,LARGE-SCALE DEVELOPMENTS AND INTERCONTINENTAL COMMISSIONS: 1953–1962,Artists2/Alexander Calder/Teodelapio 1962.jpg,painting,1962
Teodelapio Maquette Ii 1962,Alexander Calder,sculpture,"Expressionism,Surrealism",Stabile,LARGE-SCALE DEVELOPMENTS AND INTERCONTINENTAL COMMISSIONS: 1953–1962,Artists2/Alexander Calder/Teodelapio Maquette Ii 1962.jpg,painting,1962
The Y 1960,Alexander Calder,sculpture,Kinetic Art,Wall Sculpture,LARGE-SCALE DEVELOPMENTS AND INTERCONTINENTAL COMMISSIONS: 1953–1962,Artists2/Alexander Calder/The Y 1960.jpg,painting,1960
The Star 1960,Alexander Calder,sculpture,Kinetic Art,Wall Sculpture,LARGE-SCALE DEVELOPMENTS AND INTERCONTINENTAL COMMISSIONS: 1953–1962,Artists2/Alexander Calder/The Star 1960.jpg,painting,1960
Puppet Man 1960,Alexander Calder,sculpture,Abstract Art,Graphic Works,LARGE-SCALE DEVELOPMENTS AND INTERCONTINENTAL COMMISSIONS: 1953–1962,Artists2/Alexander Calder/Puppet Man 1960.jpg,painting,1960
Fish Pull Toy 1960,Alexander Calder,sculpture,Expressionism,Toys,LARGE-SCALE DEVELOPMENTS AND INTERCONTINENTAL COMMISSIONS: 1953–1962,Artists2/Alexander Calder/Fish Pull Toy 1960.jpg,painting,1960
Spirale 1958,Alexander Calder,sculpture,Kinetic Art,Monumental Sculpture,LARGE-SCALE DEVELOPMENTS AND INTERCONTINENTAL COMMISSIONS: 1953–1962,Artists2/Alexander Calder/Spirale 1958.jpg,painting,1958
Red Lily Pads N Nuphars Rouges 1956,Alexander Calder,sculpture,Kinetic Art,Hanging Mobile,LARGE-SCALE DEVELOPMENTS AND INTERCONTINENTAL COMMISSIONS: 1953–1962,Artists2/Alexander Calder/Red Lily Pads N Nuphars Rouges 1956.jpg,painting,1956
Red Mobile 1956,Alexander Calder,sculpture,Kinetic Art,Hanging Mobile,LARGE-SCALE DEVELOPMENTS AND INTERCONTINENTAL COMMISSIONS: 1953–1962,Artists2/Alexander Calder/Red Mobile 1956.jpg,painting,1956
Red Cascade 1954,Alexander Calder,sculpture,Kinetic Art,Standing Mobile,LARGE-SCALE DEVELOPMENTS AND INTERCONTINENTAL COMMISSIONS: 1953–1962,Artists2/Alexander Calder/Red Cascade 1954.jpg,painting,1954
Acoustic Ceiling 1954,Alexander Calder,sculpture,Kinetic Art,Monumental Sculpture,LARGE-SCALE DEVELOPMENTS AND INTERCONTINENTAL COMMISSIONS: 1953–1962,Artists2/Alexander Calder/Acoustic Ceiling 1954.jpg,painting,1954
Pomegranate 1949,Alexander Calder,sculpture,Kinetic Art,Standing Mobile,INTERNATIONAL DISTINCTION: 1946–1952,Artists2/Alexander Calder/Pomegranate 1949.jpg,painting,1949
Miro Tamayo And Jeanneret 1949,Alexander Calder,sculpture,Expressionism,Oil Painting,INTERNATIONAL DISTINCTION: 1946–1952,Artists2/Alexander Calder/Miro Tamayo And Jeanneret 1949.jpg,painting,1949
Snow Flurry 1948,Alexander Calder,sculpture,Kinetic Art,Wall Sculpture,INTERNATIONAL DISTINCTION: 1946–1952,Artists2/Alexander Calder/Snow Flurry 1948.jpg,painting,1948
Finny Fish 1948,Alexander Calder,sculpture,Kinetic Art,Standing Mobile,INTERNATIONAL DISTINCTION: 1946–1952,Artists2/Alexander Calder/Finny Fish 1948.jpg,painting,1948
Blue Feather 1948,Alexander Calder,sculpture,Kinetic Art,Standing Mobile,INTERNATIONAL DISTINCTION: 1946–1952,Artists2/Alexander Calder/Blue Feather 1948.jpg,painting,1948
Rattle 1948,Alexander Calder,sculpture,Expressionism,Household Objects,INTERNATIONAL DISTINCTION: 1946–1952,Artists2/Alexander Calder/Rattle 1948.jpg,painting,c.1948
Louisas 43Rd Birthday Present 1948,Alexander Calder,sculpture,Kinetic Art,Toys,INTERNATIONAL DISTINCTION: 1946–1952,Artists2/Alexander Calder/Louisas 43Rd Birthday Present 1948.jpg,painting,1948
Triple Gong 1948,Alexander Calder,sculpture,Kinetic Art,Hanging Mobile,INTERNATIONAL DISTINCTION: 1946–1952,Artists2/Alexander Calder/Triple Gong 1948.jpg,painting,c.1948
Aspen 1948,Alexander Calder,sculpture,Kinetic Art,Standing Mobile,INTERNATIONAL DISTINCTION: 1946–1952,Artists2/Alexander Calder/Aspen 1948.jpg,painting,1948
1 Red 4 Black Plus X White 1947,Alexander Calder,sculpture,Kinetic Art,Wall Sculpture,INTERNATIONAL DISTINCTION: 1946–1952,Artists2/Alexander Calder/1 Red 4 Black Plus X White 1947.jpg,painting,1947
Much Pierced 1947,Alexander Calder,sculpture,Expressionism,Stabile,INTERNATIONAL DISTINCTION: 1946–1952,Artists2/Alexander Calder/Much Pierced 1947.jpg,painting,1947
Parasite 1947,Alexander Calder,sculpture,Kinetic Art,Standing Mobile,INTERNATIONAL DISTINCTION: 1946–1952,Artists2/Alexander Calder/Parasite 1947.jpg,painting,1947
Silver Bed Head 1946,Alexander Calder,sculpture,Kinetic Art,Wire Sculpture,INTERNATIONAL DISTINCTION: 1946–1952,Artists2/Alexander Calder/Silver Bed Head 1946.jpg,painting,1946
Earrings 1946,Alexander Calder,sculpture,Expressionism,Jewelry,INTERNATIONAL DISTINCTION: 1946–1952,Artists2/Alexander Calder/Earrings 1946.jpg,painting,1946
Fetishes 1944,Alexander Calder,sculpture,"Surrealism,Abstract Art",Oil Painting,PUBLIC COMMISSIONS AND THE WAR: 1937–1945,Artists2/Alexander Calder/Fetishes 1944.jpg,painting,1944
Upstanding T 1944,Alexander Calder,sculpture,"Expressionism,Surrealism",Bronze,PUBLIC COMMISSIONS AND THE WAR: 1937–1945,Artists2/Alexander Calder/Upstanding T 1944.jpg,painting,1944
The Vine 1944,Alexander Calder,sculpture,"Expressionism,Surrealism",Bronze,PUBLIC COMMISSIONS AND THE WAR: 1937–1945,Artists2/Alexander Calder/The Vine 1944.jpg,painting,1944
The Helices Double Helix 1944,Alexander Calder,sculpture,Expressionism,Bronze,PUBLIC COMMISSIONS AND THE WAR: 1937–1945,Artists2/Alexander Calder/The Helices Double Helix 1944.jpg,painting,1944
Vertical Constellation With Bomb 1943,Alexander Calder,sculpture,Kinetic Art,Standing Mobile,PUBLIC COMMISSIONS AND THE WAR: 1937–1945,Artists2/Alexander Calder/Vertical Constellation With Bomb 1943.jpg,painting,1943
Belt 1943,Alexander Calder,sculpture,Expressionism,Jewelry,PUBLIC COMMISSIONS AND THE WAR: 1937–1945,Artists2/Alexander Calder/Belt 1943.jpg,painting,1943
Tines 1943,Alexander Calder,sculpture,Kinetic Art,Hanging Mobile,PUBLIC COMMISSIONS AND THE WAR: 1937–1945,Artists2/Alexander Calder/Tines 1943.jpg,painting,1943
The Big Ear 1943,Alexander Calder,sculpture,"Expressionism,Surrealism",Stabile,PUBLIC COMMISSIONS AND THE WAR: 1937–1945,Artists2/Alexander Calder/The Big Ear 1943.jpg,painting,1943
Constellation 1943,Alexander Calder,sculpture,Kinetic Art,Standing Mobile,PUBLIC COMMISSIONS AND THE WAR: 1937–1945,Artists2/Alexander Calder/Constellation 1943.jpg,painting,1943
Car 1943,Alexander Calder,sculpture,Expressionism,Toys,PUBLIC COMMISSIONS AND THE WAR: 1937–1945,Artists2/Alexander Calder/Car 1943.jpg,painting,1943
Dinner Bell 1942,Alexander Calder,sculpture,"Kinetic Art,Expressionism",Household Objects,PUBLIC COMMISSIONS AND THE WAR: 1937–1945,Artists2/Alexander Calder/Dinner Bell 1942.jpg,painting,c.1942
Constellation 1942,Alexander Calder,sculpture,Kinetic Art,Standing Mobile,PUBLIC COMMISSIONS AND THE WAR: 1937–1945,Artists2/Alexander Calder/Constellation 1942.jpg,painting,1942
Toaster 1942,Alexander Calder,sculpture,Expressionism,Household Objects,PUBLIC COMMISSIONS AND THE WAR: 1937–1945,Artists2/Alexander Calder/Toaster 1942.jpg,painting,1942
Arc Of Petals 1941,Alexander Calder,sculpture,Kinetic Art,Wall Sculpture,PUBLIC COMMISSIONS AND THE WAR: 1937–1945,Artists2/Alexander Calder/Arc Of Petals 1941.jpg,painting,1941
Boomerangs 1941,Alexander Calder,sculpture,Kinetic Art,Hanging Mobile,PUBLIC COMMISSIONS AND THE WAR: 1937–1945,Artists2/Alexander Calder/Boomerangs 1941.jpg,painting,1941
Vertical Foliage 1941,Alexander Calder,sculpture,Kinetic Art,Hanging Mobile,PUBLIC COMMISSIONS AND THE WAR: 1937–1945,Artists2/Alexander Calder/Vertical Foliage 1941.jpg,painting,1941
Un Effet Du Japonais 1941,Alexander Calder,sculpture,"Kinetic Art,Expressionism",Stabile,PUBLIC COMMISSIONS AND THE WAR: 1937–1945,Artists2/Alexander Calder/Un Effet Du Japonais 1941.jpg,painting,1941
Boomerangs 1941 0,Alexander Calder,sculpture,Kinetic Art,Hanging Mobile,PUBLIC COMMISSIONS AND THE WAR: 1937–1945,Artists2/Alexander Calder/Boomerangs 1941 0.jpg,painting,1941
Myrtle Burl 1941,Alexander Calder,sculpture,Kinetic Art,Stabile,PUBLIC COMMISSIONS AND THE WAR: 1937–1945,Artists2/Alexander Calder/Myrtle Burl 1941.jpg,painting,1941
Tree 1941,Alexander Calder,sculpture,Kinetic Art,Hanging Mobile,PUBLIC COMMISSIONS AND THE WAR: 1937–1945,Artists2/Alexander Calder/Tree 1941.jpg,painting,1941
Bones Necklace 1940,Alexander Calder,sculpture,Expressionism,Jewelry,PUBLIC COMMISSIONS AND THE WAR: 1937–1945,Artists2/Alexander Calder/Bones Necklace 1940.jpg,painting,c.1940
Little Arch Maquette 1940,Alexander Calder,sculpture,"Expressionism,Surrealism",Stabile,PUBLIC COMMISSIONS AND THE WAR: 1937–1945,Artists2/Alexander Calder/Little Arch Maquette 1940.jpg,painting,c.1940
Black Beast 1940,Alexander Calder,sculpture,"Expressionism,Surrealism",Stabile,PUBLIC COMMISSIONS AND THE WAR: 1937–1945,Artists2/Alexander Calder/Black Beast 1940.jpg,painting,1940
The Spider 1940,Alexander Calder,sculpture,Kinetic Art,Standing Mobile,PUBLIC COMMISSIONS AND THE WAR: 1937–1945,Artists2/Alexander Calder/The Spider 1940.jpg,painting,1940
Little Spider 1940,Alexander Calder,sculpture,Kinetic Art,Standing Mobile,PUBLIC COMMISSIONS AND THE WAR: 1937–1945,Artists2/Alexander Calder/Little Spider 1940.jpg,painting,c.1940
Milk Skimmer 1940,Alexander Calder,sculpture,Expressionism,Household Objects,PUBLIC COMMISSIONS AND THE WAR: 1937–1945,Artists2/Alexander Calder/Milk Skimmer 1940.jpg,painting,c.1940
Fork 1940,Alexander Calder,sculpture,Expressionism,Household Objects,PUBLIC COMMISSIONS AND THE WAR: 1937–1945,Artists2/Alexander Calder/Fork 1940.jpg,painting,c.1940
Baby Carriage 1940,Alexander Calder,sculpture,Expressionism,Toys,PUBLIC COMMISSIONS AND THE WAR: 1937–1945,Artists2/Alexander Calder/Baby Carriage 1940.jpg,painting,c.1940
Scissor Guard 1940,Alexander Calder,sculpture,Expressionism,Household Objects,PUBLIC COMMISSIONS AND THE WAR: 1937–1945,Artists2/Alexander Calder/Scissor Guard 1940.jpg,painting,c.1940
Hollow Egg 1939,Alexander Calder,sculpture,Expressionism,Wire Sculpture,PUBLIC COMMISSIONS AND THE WAR: 1937–1945,Artists2/Alexander Calder/Hollow Egg 1939.jpg,painting,1939
Lobster Trap And Fish Tail 1939,Alexander Calder,sculpture,Kinetic Art,Hanging Mobile,PUBLIC COMMISSIONS AND THE WAR: 1937–1945,Artists2/Alexander Calder/Lobster Trap And Fish Tail 1939.jpg,painting,1939
Spiny Maquette 1939,Alexander Calder,sculpture,"Expressionism,Surrealism",Stabile,PUBLIC COMMISSIONS AND THE WAR: 1937–1945,Artists2/Alexander Calder/Spiny Maquette 1939.jpg,painting,c.1939
Four Leaves And Three Petals 1939,Alexander Calder,sculpture,Kinetic Art,Standing Mobile,PUBLIC COMMISSIONS AND THE WAR: 1937–1945,Artists2/Alexander Calder/Four Leaves And Three Petals 1939.jpg,painting,1939
Untitled Maquette 1939,Alexander Calder,sculpture,"Expressionism,Surrealism",Stabile,PUBLIC COMMISSIONS AND THE WAR: 1937–1945,Artists2/Alexander Calder/Untitled Maquette 1939.jpg,painting,1939
Brooch 1938,Alexander Calder,sculpture,Expressionism,Jewelry,PUBLIC COMMISSIONS AND THE WAR: 1937–1945,Artists2/Alexander Calder/Brooch 1938.jpg,painting,1938
Ring 1938,Alexander Calder,sculpture,Expressionism,Jewelry,PUBLIC COMMISSIONS AND THE WAR: 1937–1945,Artists2/Alexander Calder/Ring 1938.jpg,painting,c.1938
Flower Necklace 1938,Alexander Calder,sculpture,Expressionism,Jewelry,PUBLIC COMMISSIONS AND THE WAR: 1937–1945,Artists2/Alexander Calder/Flower Necklace 1938.jpg,painting,1938
Apple Monster 1938,Alexander Calder,sculpture,"Expressionism,Surrealism",Stabile,PUBLIC COMMISSIONS AND THE WAR: 1937–1945,Artists2/Alexander Calder/Apple Monster 1938.jpg,painting,1938
Devil Fish 1937,Alexander Calder,sculpture,"Abstract Art,Surrealism",Stabile,PUBLIC COMMISSIONS AND THE WAR: 1937–1945,Artists2/Alexander Calder/Devil Fish 1937.jpg,painting,1937
Harps And Heart 1937,Alexander Calder,sculpture,Expressionism,Jewelry,PUBLIC COMMISSIONS AND THE WAR: 1937–1945,Artists2/Alexander Calder/Harps And Heart 1937.jpg,painting,1937
Necklace 1937,Alexander Calder,sculpture,Expressionism,Jewelry,PUBLIC COMMISSIONS AND THE WAR: 1937–1945,Artists2/Alexander Calder/Necklace 1937.jpg,painting,1937
Big Bird 1937,Alexander Calder,sculpture,"Expressionism,Surrealism",Stabile,PUBLIC COMMISSIONS AND THE WAR: 1937–1945,Artists2/Alexander Calder/Big Bird 1937.jpg,painting,1937
Gibraltar 1936,Alexander Calder,sculpture,Kinetic Art,Standing Mobile,SHIFT TO ABSTRACTION: 1930–1936,Artists2/Alexander Calder/Gibraltar 1936.jpg,painting,1936
Form Against Yellow Yellow Panel 1936,Alexander Calder,sculpture,Kinetic Art,Wall Sculpture,SHIFT TO ABSTRACTION: 1930–1936,Artists2/Alexander Calder/Form Against Yellow Yellow Panel 1936.jpg,painting,1936
Brooch 1936,Alexander Calder,sculpture,Expressionism,Jewelry,SHIFT TO ABSTRACTION: 1930–1936,Artists2/Alexander Calder/Brooch 1936.jpg,painting,1936
Babe Ruth 1936,Alexander Calder,sculpture,Expressionism,Wire Sculpture,SHIFT TO ABSTRACTION: 1930–1936,Artists2/Alexander Calder/Babe Ruth 1936.jpg,painting,c.1936
The Orange Panel 1936,Alexander Calder,sculpture,Kinetic Art,Wall Sculpture,SHIFT TO ABSTRACTION: 1930–1936,Artists2/Alexander Calder/The Orange Panel 1936.jpg,painting,1936
White Panel 1936,Alexander Calder,sculpture,Kinetic Art,Wall Sculpture,SHIFT TO ABSTRACTION: 1930–1936,Artists2/Alexander Calder/White Panel 1936.jpg,painting,1936
Elephant 1936,Alexander Calder,sculpture,Kinetic Art,Hanging Mobile,SHIFT TO ABSTRACTION: 1930–1936,Artists2/Alexander Calder/Elephant 1936.jpg,painting,1936
Machine Motorisee 1933,Alexander Calder,sculpture,Kinetic Art,Standing Mobile,SHIFT TO ABSTRACTION: 1930–1936,Artists2/Alexander Calder/Machine Motorisee 1933.jpg,painting,1933
Cone Debene 1933,Alexander Calder,sculpture,Kinetic Art,Hanging Mobile,SHIFT TO ABSTRACTION: 1930–1936,Artists2/Alexander Calder/Cone Debene 1933.jpg,painting,1933
Dancing Torpedo Shape 1932,Alexander Calder,sculpture,"Kinetic Art,Expressionism",Standing Mobile,SHIFT TO ABSTRACTION: 1930–1936,Artists2/Alexander Calder/Dancing Torpedo Shape 1932.jpg,painting,1932
Crank Driven Mobile 1932,Alexander Calder,sculpture,"Kinetic Art,Expressionism",Hanging Mobile,SHIFT TO ABSTRACTION: 1930–1936,Artists2/Alexander Calder/Crank Driven Mobile 1932.jpg,painting,1931 - 1932
Mobile 1932,Alexander Calder,sculpture,"Kinetic Art,Expressionism",Hanging Mobile,SHIFT TO ABSTRACTION: 1930–1936,Artists2/Alexander Calder/Mobile 1932.jpg,painting,1932
Untitled 1932 2,Alexander Calder,sculpture,Kinetic Art,Hanging Mobile,SHIFT TO ABSTRACTION: 1930–1936,Artists2/Alexander Calder/Untitled 1932 2.jpg,painting,1932
Calder S Circus 1931,Alexander Calder,sculpture,"Expressionism,Kinetic Art",Standing Mobile,WIRE SCULPTURE AND THE CIRCUS: 1926–1930,Artists2/Alexander Calder/Calder S Circus 1931.jpg,painting,1926 - 1931
Object With Red Ball 1931,Alexander Calder,sculpture,Kinetic Art,Standing Mobile,SHIFT TO ABSTRACTION: 1930–1936,Artists2/Alexander Calder/Object With Red Ball 1931.jpg,painting,1931
Croisiere 1931,Alexander Calder,sculpture,Kinetic Art,Standing Mobile,SHIFT TO ABSTRACTION: 1930–1936,Artists2/Alexander Calder/Croisiere 1931.jpg,painting,1931
Small Feathers 1931,Alexander Calder,sculpture,Kinetic Art,Standing Mobile,SHIFT TO ABSTRACTION: 1930–1936,Artists2/Alexander Calder/Small Feathers 1931.jpg,painting,1931
Bracelet 1930,Alexander Calder,sculpture,Expressionism,Jewelry,SHIFT TO ABSTRACTION: 1930–1936,Artists2/Alexander Calder/Bracelet 1930.jpg,painting,1930
Necklace 1930 0,Alexander Calder,sculpture,Expressionism,Jewelry,SHIFT TO ABSTRACTION: 1930–1936,Artists2/Alexander Calder/Necklace 1930 0.jpg,painting,1930
Necklace 1930,Alexander Calder,sculpture,Expressionism,Jewelry,SHIFT TO ABSTRACTION: 1930–1936,Artists2/Alexander Calder/Necklace 1930.jpg,painting,1930
Medusa 1930,Alexander Calder,sculpture,Expressionism,Wire Sculpture,WIRE SCULPTURE AND THE CIRCUS: 1926–1930,Artists2/Alexander Calder/Medusa 1930.jpg,painting,1930
Aztec Josephine Baker 1930,Alexander Calder,sculpture,Expressionism,Wire Sculpture,WIRE SCULPTURE AND THE CIRCUS: 1926–1930,Artists2/Alexander Calder/Aztec Josephine Baker 1930.jpg,painting,1930
Untitled 1930 2,Alexander Calder,sculpture,Abstract Art,Oil Painting,SHIFT TO ABSTRACTION: 1930–1936,Artists2/Alexander Calder/Untitled 1930 2.jpg,painting,1930
Untitled 1930 1,Alexander Calder,sculpture,Abstract Art,Oil Painting,SHIFT TO ABSTRACTION: 1930–1936,Artists2/Alexander Calder/Untitled 1930 1.jpg,painting,1930
Untitled 1930 0,Alexander Calder,sculpture,Abstract Art,Oil Painting,SHIFT TO ABSTRACTION: 1930–1936,Artists2/Alexander Calder/Untitled 1930 0.jpg,painting,1930
Untitled 1930,Alexander Calder,sculpture,Abstract Art,Oil Painting,SHIFT TO ABSTRACTION: 1930–1936,Artists2/Alexander Calder/Untitled 1930.jpg,painting,1930
Portrait Of A Man 1929,Alexander Calder,sculpture,Expressionism,Wire Sculpture,WIRE SCULPTURE AND THE CIRCUS: 1926–1930,Artists2/Alexander Calder/Portrait Of A Man 1929.jpg,painting,1929
Goldfish Bowl 1929,Alexander Calder,sculpture,Expressionism,Wire Sculpture,WIRE SCULPTURE AND THE CIRCUS: 1926–1930,Artists2/Alexander Calder/Goldfish Bowl 1929.jpg,painting,1929
Circus Scene 1929,Alexander Calder,sculpture,Expressionism,Wire Sculpture,WIRE SCULPTURE AND THE CIRCUS: 1926–1930,Artists2/Alexander Calder/Circus Scene 1929.jpg,painting,1929
Lioness 1929,Alexander Calder,sculpture,Expressionism,Carved Figures,WIRE SCULPTURE AND THE CIRCUS: 1926–1930,Artists2/Alexander Calder/Lioness 1929.jpg,painting,1929
Spring 1928,Alexander Calder,sculpture,Expressionism,Wire Sculpture,WIRE SCULPTURE AND THE CIRCUS: 1926–1930,Artists2/Alexander Calder/Spring 1928.jpg,painting,1928
Romulus And Remus 1928,Alexander Calder,sculpture,Expressionism,Wire Sculpture,WIRE SCULPTURE AND THE CIRCUS: 1926–1930,Artists2/Alexander Calder/Romulus And Remus 1928.jpg,painting,1928
Elephant 1928,Alexander Calder,sculpture,Expressionism,Wire Sculpture,WIRE SCULPTURE AND THE CIRCUS: 1926–1930,Artists2/Alexander Calder/Elephant 1928.jpg,painting,1928
Rearing Stallion 1928,Alexander Calder,sculpture,Expressionism,Wire Sculpture,WIRE SCULPTURE AND THE CIRCUS: 1926–1930,Artists2/Alexander Calder/Rearing Stallion 1928.jpg,painting,1928
Helen Wills Ii 1928,Alexander Calder,sculpture,Expressionism,Wire Sculpture,WIRE SCULPTURE AND THE CIRCUS: 1926–1930,Artists2/Alexander Calder/Helen Wills Ii 1928.jpg,painting,1928
Horse 1928,Alexander Calder,sculpture,Expressionism,Wire Sculpture,WIRE SCULPTURE AND THE CIRCUS: 1926–1930,Artists2/Alexander Calder/Horse 1928.jpg,painting,1928
Hercules And Lion 1928,Alexander Calder,sculpture,Expressionism,Wire Sculpture,WIRE SCULPTURE AND THE CIRCUS: 1926–1930,Artists2/Alexander Calder/Hercules And Lion 1928.jpg,painting,1928
Frank Crowninshield 1928,Alexander Calder,sculpture,Expressionism,Wire Sculpture,WIRE SCULPTURE AND THE CIRCUS: 1926–1930,Artists2/Alexander Calder/Frank Crowninshield 1928.jpg,painting,1928
Josephine Baker Iii 1927,Alexander Calder,sculpture,Expressionism,Wire Sculpture,WIRE SCULPTURE AND THE CIRCUS: 1926–1930,Artists2/Alexander Calder/Josephine Baker Iii 1927.jpg,painting,c.1927
Helen Wills 1927,Alexander Calder,sculpture,Expressionism,Wire Sculpture,WIRE SCULPTURE AND THE CIRCUS: 1926–1930,Artists2/Alexander Calder/Helen Wills 1927.jpg,painting,1927
Elephant Puzzle 1927,Alexander Calder,sculpture,Expressionism,Toys,WIRE SCULPTURE AND THE CIRCUS: 1926–1930,Artists2/Alexander Calder/Elephant Puzzle 1927.jpg,painting,1927
Mule 1927,Alexander Calder,sculpture,Expressionism,Wire Sculpture,WIRE SCULPTURE AND THE CIRCUS: 1926–1930,Artists2/Alexander Calder/Mule 1927.jpg,painting,1927
Josephine Baker Ii 1927,Alexander Calder,sculpture,Expressionism,Wire Sculpture,WIRE SCULPTURE AND THE CIRCUS: 1926–1930,Artists2/Alexander Calder/Josephine Baker Ii 1927.jpg,painting,1927
Elephant 1927,Alexander Calder,sculpture,Expressionism,Wire Sculpture,WIRE SCULPTURE AND THE CIRCUS: 1926–1930,Artists2/Alexander Calder/Elephant 1927.jpg,painting,1927
Acrobats 1927,Alexander Calder,sculpture,Expressionism,Wire Sculpture,WIRE SCULPTURE AND THE CIRCUS: 1926–1930,Artists2/Alexander Calder/Acrobats 1927.jpg,painting,1927
Ball Player 1927,Alexander Calder,sculpture,Expressionism,Wire Sculpture,WIRE SCULPTURE AND THE CIRCUS: 1926–1930,Artists2/Alexander Calder/Ball Player 1927.jpg,painting,1927
Sea Gull 1927,Alexander Calder,sculpture,Expressionism,Wire Sculpture,WIRE SCULPTURE AND THE CIRCUS: 1926–1930,Artists2/Alexander Calder/Sea Gull 1927.jpg,painting,1927
St Regis Restaurant 1925,Alexander Calder,sculpture,American Realism,Oil Painting,EARLY DEVELOPMENT: 1898–1925,Artists2/Alexander Calder/St Regis Restaurant 1925.jpg,painting,1925
Fourteenth Street 1925,Alexander Calder,sculpture,American Realism,Oil Painting,EARLY DEVELOPMENT: 1898–1925,Artists2/Alexander Calder/Fourteenth Street 1925.jpg,painting,1925
Old Madison Square Garden And Democrats 1924,Alexander Calder,sculpture,American Realism,Oil Painting,EARLY DEVELOPMENT: 1898–1925,Artists2/Alexander Calder/Old Madison Square Garden And Democrats 1924.jpg,painting,1924
Untitled Excavation 1924,Alexander Calder,sculpture,American Realism,Oil Painting,EARLY DEVELOPMENT: 1898–1925,Artists2/Alexander Calder/Untitled Excavation 1924.jpg,painting,c.1924
Untitled Logging Scene 1922,Alexander Calder,sculpture,American Realism,Oil Painting,EARLY DEVELOPMENT: 1898–1925,Artists2/Alexander Calder/Untitled Logging Scene 1922.jpg,painting,1922
Dog 1909,Alexander Calder,sculpture,Expressionism,Toys,EARLY DEVELOPMENT: 1898–1925,Artists2/Alexander Calder/Dog 1909.jpg,painting,1909
Duck 1909,Alexander Calder,sculpture,Expressionism,Toys,EARLY DEVELOPMENT: 1898–1925,Artists2/Alexander Calder/Duck 1909.jpg,painting,1909
Cubist Still Life With Revue Magazine,Kmetty Janos,"self-portrait,landscape",Cubism,Still Life,Cubism,Artists2/Kmetty Janos/Cubist Still Life With Revue Magazine.jpg,painting,c.1930
The City Park,Kmetty Janos,"self-portrait,landscape",Cubism,Landscapes,Cubism,Artists2/Kmetty Janos/The City Park.jpg,painting, c.;  Hungary 
The Building Of The Summer Casino In Kecskemet,Kmetty Janos,"self-portrait,landscape",Cubism,Landscapes,Cubism,Artists2/Kmetty Janos/The Building Of The Summer Casino In Kecskemet.jpg,painting, c.; Hungary 
Cubist Landscape The City Park,Kmetty Janos,"self-portrait,landscape",Cubism,Landscapes,Cubism,Artists2/Kmetty Janos/Cubist Landscape The City Park.jpg,painting, c.; Hungary 
Park Detail With Trees,Kmetty Janos,"self-portrait,landscape",Cubism,Landscapes,Cubism,Artists2/Kmetty Janos/Park Detail With Trees.jpg,painting,1912
The City Park 1,Kmetty Janos,"self-portrait,landscape",Cubism,Landscapes,Cubism,Artists2/Kmetty Janos/The City Park 1.jpg,painting,c.1912
Landscape,Kmetty Janos,"self-portrait,landscape",Cubism,Landscapes,Cubism,Artists2/Kmetty Janos/Landscape.jpg,painting,1932
Still Life On Table,Kmetty Janos,"self-portrait,landscape",Cubism,Still Life,Cubism,Artists2/Kmetty Janos/Still Life On Table.jpg,painting,c.1910
Street Of Nagybanya,Kmetty Janos,"self-portrait,landscape",Cubism,Landscapes,Cubism,Artists2/Kmetty Janos/Street Of Nagybanya.jpg,painting,1929
View Of Szentendre 1912 45 60 Cm,Kmetty Janos,"self-portrait,landscape",Analytical Cubism,Landscapes,Cubism,Artists2/Kmetty Janos/View Of Szentendre 1912 45 60 Cm.jpg,painting,1912
Artist Colony,Kmetty Janos,"self-portrait,landscape",Analytical Cubism,Landscapes,Cubism,Artists2/Kmetty Janos/Artist Colony.jpg,painting,1912
Self Portrait With Yellow Hat 1965,Kmetty Janos,"self-portrait,landscape",Cubism,Self-Portrait,Cubism,Artists2/Kmetty Janos/Self Portrait With Yellow Hat 1965.jpg,painting,1965
Side Table With Mirror 1951,Kmetty Janos,"self-portrait,landscape","Impressionism,Cubism",Still Life,Cubism,Artists2/Kmetty Janos/Side Table With Mirror 1951.jpg,painting,1951
In The Park 1940,Kmetty Janos,"self-portrait,landscape",Analytical Cubism,Landscapes,Cubism,Artists2/Kmetty Janos/In The Park 1940.jpg,painting,c.1930 - c.1940
View Of Nagybanya 1932,Kmetty Janos,"self-portrait,landscape",Cubism,Landscapes,Cubism,Artists2/Kmetty Janos/View Of Nagybanya 1932.jpg,painting,1932
Still Life 1930,Kmetty Janos,"self-portrait,landscape",Cubism,Still Life,Cubism,Artists2/Kmetty Janos/Still Life 1930.jpg,painting,1930
Self Portrait 1914,Kmetty Janos,"self-portrait,landscape",Cubism,Self-Portrait,Cubism,Artists2/Kmetty Janos/Self Portrait 1914.jpg,painting,1914
Blue Self Portrait 1913,Kmetty Janos,"self-portrait,landscape",Cubism,Self-Portrait,Cubism,Artists2/Kmetty Janos/Blue Self Portrait 1913.jpg,painting, ; Hungary 
Harlequin Leaning 1909,Pablo Picasso,portrait,Analytical Cubism,Harlequin,Cubist Period,Artists2/Pablo Picasso/Harlequin Leaning 1909.jpg,painting,1909
Harlequinesque Personage 1913,Pablo Picasso,genre painting,Analytical Cubism,Harlequin,Cubist Period,Artists2/Pablo Picasso/Harlequinesque Personage 1913.jpg,painting,1913
Harlequin 1918,Pablo Picasso,portrait,Cubism,Harlequin,Cubist Period,Artists2/Pablo Picasso/Harlequin 1918.jpg,painting,1918
Harlequin And Woman With Necklace 1917,Pablo Picasso,portrait,Cubism,Harlequin,Cubist Period,Artists2/Pablo Picasso/Harlequin And Woman With Necklace 1917.jpg,painting,1917
Seated Harlequin Jacinto Salvado 1923,Pablo Picasso,portrait,Post-Impressionism,Harlequin,Neoclassicist & Surrealist Period,Artists2/Pablo Picasso/Seated Harlequin Jacinto Salvado 1923.jpg,painting,1923
Blind Minotaur Is Guided By Girl 1934 2,Pablo Picasso,mythological painting,Surrealism,Minotaur,Neoclassicist & Surrealist Period,Artists2/Pablo Picasso/Blind Minotaur Is Guided By Girl 1934 2.jpg,painting,1934
Blind Minotaur Is Guided By Girl Through The Night 1934,Pablo Picasso,mythological painting,"Neoclassicism,Surrealism",Minotaur,Neoclassicist & Surrealist Period,Artists2/Pablo Picasso/Blind Minotaur Is Guided By Girl Through The Night 1934.jpg,painting,1934
Blind Minotaur Is Guided By Girl 1934 1,Pablo Picasso,mythological painting,Surrealism,Minotaur,Neoclassicist & Surrealist Period,Artists2/Pablo Picasso/Blind Minotaur Is Guided By Girl 1934 1.jpg,painting,1934
Blind Minotaur Is Guided By Girl 1934,Pablo Picasso,mythological painting,Surrealism,Minotaur,Neoclassicist & Surrealist Period,Artists2/Pablo Picasso/Blind Minotaur Is Guided By Girl 1934.jpg,painting,1934
Minotaur Is Wounded 1937,Pablo Picasso,mythological painting,"Expressionism,Surrealism",Minotaur,Neoclassicist & Surrealist Period,Artists2/Pablo Picasso/Minotaur Is Wounded 1937.jpg,painting,1937
The Remains Of Minotaur In A Harlequin Costume 1936,Pablo Picasso,symbolic painting,"Neoclassicism,Surrealism",Harlequin,Neoclassicist & Surrealist Period,Artists2/Pablo Picasso/The Remains Of Minotaur In A Harlequin Costume 1936.jpg,painting,1936
Minotaur With Dead Horse In Front Of A Cave Facing A Girl In Veil 1936,Pablo Picasso,mythological painting,"Expressionism,Surrealism",Minotaur,Neoclassicist & Surrealist Period,Artists2/Pablo Picasso/Minotaur With Dead Horse In Front Of A Cave Facing A Girl In Veil 1936.jpg,painting,1936
The Minotauromachie 1935,Pablo Picasso,mythological painting,"Neoclassicism,Surrealism",Minotaur,Neoclassicist & Surrealist Period,Artists2/Pablo Picasso/The Minotauromachie 1935.jpg,painting,1935
Model For The Cover Of Minotaur 1933,Pablo Picasso,design,"Cubism,Surrealism",Minotaur,Neoclassicist & Surrealist Period,Artists2/Pablo Picasso/Model For The Cover Of Minotaur 1933.jpg,painting,1933
Minotaur Is Wounded 1933 1,Pablo Picasso,mythological painting,Expressionism,Minotaur,Neoclassicist & Surrealist Period,Artists2/Pablo Picasso/Minotaur Is Wounded 1933 1.jpg,painting,1933
Minotaur Is Wounded 1933,Pablo Picasso,mythological painting,"Expressionism,Neoclassicism",Minotaur,Neoclassicist & Surrealist Period,Artists2/Pablo Picasso/Minotaur Is Wounded 1933.jpg,painting, ;  France 
Minotaur Is Dying 1933,Pablo Picasso,mythological painting,Expressionism,Minotaur,Neoclassicist & Surrealist Period,Artists2/Pablo Picasso/Minotaur Is Dying 1933.jpg,painting,1933
Marie Therese As Vestal Ensuring The Minotaur Asleep 1933,Pablo Picasso,genre painting,Neoclassicism,Minotaur,Neoclassicist & Surrealist Period,Artists2/Pablo Picasso/Marie Therese As Vestal Ensuring The Minotaur Asleep 1933.jpg,painting,1933
Bacchic Scene With Minotaur 1933,Pablo Picasso,genre painting,Neoclassicism,Minotaur,Neoclassicist & Surrealist Period,Artists2/Pablo Picasso/Bacchic Scene With Minotaur 1933.jpg,painting,1933
Paul As Harlequin 1924,Pablo Picasso,portrait,Neoclassicism,Harlequin,Neoclassicist & Surrealist Period,Artists2/Pablo Picasso/Paul As Harlequin 1924.jpg,painting,1924
Harlequin With His Hands Crossed Jacinto Salvado 1923,Pablo Picasso,portrait,Post-Impressionism,Harlequin,Neoclassicist & Surrealist Period,Artists2/Pablo Picasso/Harlequin With His Hands Crossed Jacinto Salvado 1923.jpg,painting,1923
Musicians With Masks 1921 1,Pablo Picasso,genre painting,Cubism,Harlequin,Neoclassicist & Surrealist Period,Artists2/Pablo Picasso/Musicians With Masks 1921 1.jpg,painting,1921
Musicians With Masks 1921,Pablo Picasso,genre painting,Cubism,Harlequin,Neoclassicist & Surrealist Period,Artists2/Pablo Picasso/Musicians With Masks 1921.jpg,painting,1921
Pierrot And Harlequin On The Terrace Of Café 1920,Pablo Picasso,genre painting,Cubism,Harlequin,Neoclassicist & Surrealist Period,Artists2/Pablo Picasso/Pierrot And Harlequin On The Terrace Of Café 1920.jpg,painting,1920
Pierrot And Harlequin 1920,Pablo Picasso,genre painting,"Art Nouveau (Modern),Cubism",Harlequin,Neoclassicist & Surrealist Period,Artists2/Pablo Picasso/Pierrot And Harlequin 1920.jpg,painting,1920
Harlequin With Guitar 1918,Pablo Picasso,genre painting,Expressionism,Harlequin,Cubist Period,Artists2/Pablo Picasso/Harlequin With Guitar 1918.jpg,painting,1918
Barselona Harlequin 1917,Pablo Picasso,portrait,Cubism,Harlequin,Cubist Period,Artists2/Pablo Picasso/Barselona Harlequin 1917.jpg,painting,1917
Harlequin With Guitar 1916,Pablo Picasso,genre painting,Impressionism,Harlequin,Cubist Period,Artists2/Pablo Picasso/Harlequin With Guitar 1916.jpg,painting,1916
Harlequin 1915,Pablo Picasso,genre painting,Synthetic Cubism,Harlequin,Cubist Period,Artists2/Pablo Picasso/Harlequin 1915.jpg,painting,1915
Harlequin S Family 1908,Pablo Picasso,genre painting,Analytical Cubism,Harlequin,African Period,Artists2/Pablo Picasso/Harlequin S Family 1908.jpg,painting,1908
Harlequin S Death 1906,Pablo Picasso,genre painting,"Expressionism,Symbolism",Harlequin,Rose Period,Artists2/Pablo Picasso/Harlequin S Death 1906.jpg,painting,1906
Seated Harlequin,Pablo Picasso,portrait,Post-Impressionism,Harlequin,Rose Period,Artists2/Pablo Picasso/Seated Harlequin.jpg,painting,1905
Harlequin S Head 1905,Pablo Picasso,portrait,Post-Impressionism,Harlequin,Rose Period,Artists2/Pablo Picasso/Harlequin S Head 1905.jpg,painting,1905
Harlequin S Family 1905 1,Pablo Picasso,genre painting,Expressionism,Harlequin,Rose Period,Artists2/Pablo Picasso/Harlequin S Family 1905 1.jpg,painting,1905
Harlequin S Family 1905,Pablo Picasso,genre painting,Expressionism,Harlequin,Rose Period,Artists2/Pablo Picasso/Harlequin S Family 1905.jpg,painting,1905
Harlequin On The Horseback 1905,Pablo Picasso,genre painting,Post-Impressionism,Harlequin,Rose Period,Artists2/Pablo Picasso/Harlequin On The Horseback 1905.jpg,painting,1905
At Lapin Agile Harlequin With Glass 1905,Pablo Picasso,genre painting,Post-Impressionism,Harlequin,Rose Period,Artists2/Pablo Picasso/At Lapin Agile Harlequin With Glass 1905.jpg,painting,1905
Acrobat And Young Harlequin 1905,Pablo Picasso,genre painting,Post-Impressionism,Harlequin,Rose Period,Artists2/Pablo Picasso/Acrobat And Young Harlequin 1905.jpg,painting,1905
Two Acrobats Harlequin And His Companion 1901,Pablo Picasso,portrait,Expressionism,Harlequin,Blue Period,Artists2/Pablo Picasso/Two Acrobats Harlequin And His Companion 1901.jpg,painting,1901
Harlequin Leaning 1901,Pablo Picasso,portrait,Post-Impressionism,Harlequin,Blue Period,Artists2/Pablo Picasso/Harlequin Leaning 1901.jpg,painting,1901
